URL,CAT
https://imgur.com/CjHAmGR,AVERTISSEMENT_DANGER
https://imgur.com/xifXfYy,AVERTISSEMENT_DANGER
https://imgur.com/FFHx34w,AVERTISSEMENT_DANGER
https://imgur.com/5a1FtN1,AVERTISSEMENT_DANGER
https://imgur.com/RfpAoUS,AVERTISSEMENT_DANGER
https://imgur.com/9TY9AhC,AVERTISSEMENT_DANGER
https://imgur.com/2T26j4Z,AVERTISSEMENT_DANGER
https://imgur.com/vMJJUG2,AVERTISSEMENT_DANGER
https://imgur.com/yjFxA1X,AVERTISSEMENT_DANGER
https://imgur.com/edsnEEb,AVERTISSEMENT_DANGER
https://imgur.com/MNKAvgk,AVERTISSEMENT_DANGER
https://imgur.com/yJe0uSE,AVERTISSEMENT_DANGER
https://imgur.com/2TtbQtp,AVERTISSEMENT_DANGER
https://imgur.com/aXRiUHu,AVERTISSEMENT_DANGER
https://imgur.com/Yta2FDR,AVERTISSEMENT_DANGER
https://imgur.com/lCRWvek,AVERTISSEMENT_DANGER
https://imgur.com/rZyfDcg,AVERTISSEMENT_DANGER
https://imgur.com/lsvhnwj,AVERTISSEMENT_DANGER
https://imgur.com/ioA1VDX,AVERTISSEMENT_DANGER
https://imgur.com/i6jENA3,AVERTISSEMENT_DANGER
https://imgur.com/K8COQbQ,AVERTISSEMENT_DANGER
https://imgur.com/w5dqHFa,AVERTISSEMENT_DANGER
https://imgur.com/kZw8D1j,SECOURS
https://imgur.com/BH2hwyB,SECOURS
https://imgur.com/88ujrPK,SECOURS
https://imgur.com/anlfok2,SECOURS
https://imgur.com/IXArSF1,SECOURS
https://imgur.com/h9bi3Q7,SECOURS
https://imgur.com/kThtkT0,SECOURS
https://imgur.com/smrel1R,SECOURS
https://imgur.com/qyjfQsJ,SECOURS
https://imgur.com/wGgxxgU,SECOURS
https://imgur.com/E6pra7v,SECOURS
https://imgur.com/MjljDOQ,SECOURS
https://imgur.com/yjuzV6Z,SECOURS
https://imgur.com/vzsJPuI,SECOURS
https://imgur.com/U4vGLCr,SECOURS
https://imgur.com/rmsIXAx,SECOURS
https://imgur.com/ODqTzlf,SECOURS
https://imgur.com/Qn39Qku,SECOURS
https://imgur.com/hOq4zMz,OBLIGATION
https://imgur.com/bAGO4cS,OBLIGATION
https://imgur.com/bYwR0UJ,OBLIGATION
https://imgur.com/rpWVGcr,OBLIGATION
https://imgur.com/jEcCsX6,OBLIGATION
https://imgur.com/o49uRmr,OBLIGATION
https://imgur.com/Pc2nVDl,OBLIGATION
https://imgur.com/NTHCxjL,OBLIGATION
https://imgur.com/OGIt8J5,OBLIGATION
https://imgur.com/N83rwiA,OBLIGATION
https://imgur.com/9lBTNeN,OBLIGATION
https://imgur.com/KxrLSzf,OBLIGATION
https://imgur.com/l6nx63F,INTERDICTION
https://imgur.com/JPTXfrg,INTERDICTION
https://imgur.com/C3OevTe,INTERDICTION
https://imgur.com/jDVvlyM,INTERDICTION
https://imgur.com/mjACUxf,INTERDICTION
https://imgur.com/miLry4T,INTERDICTION
https://imgur.com/mdmwSYb,INTERDICTION
https://imgur.com/c3uQwY6,INTERDICTION
https://imgur.com/1JAOH5Q,INTERDICTION
https://imgur.com/DhXlCXm,INTERDICTION
https://imgur.com/b25WTaR,INTERDICTION
https://imgur.com/BaPvDgi,INTERDICTION
https://imgur.com/di5RGGi,INTERDICTION
https://imgur.com/cUl5uyU,INTERDICTION
https://imgur.com/kTYvjKY,INCENDIE
https://imgur.com/9WHQ3Ud,INCENDIE
https://imgur.com/wwNu9FU,INCENDIE
https://imgur.com/L7M5Z5S,INCENDIE
https://imgur.com/zBx7voj,INCENDIE
https://imgur.com/KrHfo2Q,INCENDIE
https://imgur.com/7HBeU4u,INCENDIE
https://imgur.com/x4Lseqn,INCENDIE
https://imgur.com/LzYD2du,INCENDIE
https://imgur.com/KQ3K9f0,INCENDIE
https://imgur.com/9jGat3S,INCENDIE
https://imgur.com/eS9tIUP,INCENDIE
https://imgur.com/qFCOO6Y,INCENDIE
https://imgur.com/1UDNU4M,INCENDIE
